GrupAdi;AltGrupAdi;ToptanPerakende
Yurtiçi Alıcılar;Yurtiçi Toptan Alıcılar;Toptan
Yurtiçi Alıcılar;Yurtiçi Perakende Alıcılar;Perakende
Yurtdışı Alıcılar;Yurtdışı Toptan Alıcılar;Toptan
Yurtdışı Alıcılar;Yurtdışı Perakende Alıcılar;Perakende
Yurtiçi Alıcı Satıcılar;Yurtiçi Toptan Alıcı Satıcılar;Toptan
Yurtiçi Alıcı Satıcılar;Yurtiçi Perakende Alıcı Satıcılar;Perakende
Yurtdışı Alıcı Satıcılar;Yurtdışı Toptan Alıcı Satıcılar;Toptan
Yurtdışı Alıcı Satıcılar;Yurtdışı Perakende Alıcı Satıcılar;Perakende
Yurtiçi Satıcılar;Yurtiçi Toptan Satıcılar;Toptan
Yurtiçi Satıcılar;Yurtiçi Perakende Satıcılar;Perakende
Yurtdışı Satıcılar;Yurtdışı Toptan Satıcılar;Toptan
Yurtdışı Satıcılar;Yurtdışı Perakende Satıcılar;Perakende
