ModelAdi;ModelAdiIngilizce
Anka Berjer;Anka Bergere
Aura Koltuk Takımı;
Coco Berjer;Coco Bergere
Enza Koltuk Takımı;Enza Sofa Set
Enza Köşe Takımı;Enza Corner Set
Gusto Koltuk Takımı;Gusto Sofa Set
Gusto Köşe Takımı;Gusto Corner Set
Kiev Koltuk Takımı;Kiev Sofa Set
Kiev Köşe Takımı;Kiev Corner Set
Pablo Koltuk Takımı;Pablo Sofa Set
Pablo Köşe Takımı;Pablo Corner Set
Piano Koltuk Takımı;Piano Koltuk Takımı
Piano Köşe Takımı;Piano Corner Set
Roal Koltuk Takımı;Roal Sofa Set
Roal Köşe Takımı;Roal Corner Set
Tasso Köşe Takımı;Tasso Corner Set
Trendy Koltuk Takımı;Trendy Sofa Set
Trendy Köşe Takımı;Trendy Corner Set
Zara Koltuk Takımı;Zara Sofa Set
Zara Köşe Takımı;Zara Corner Set
